gene	unique miRNAs targeting gene	miRNA	miRNomics	Cumulative weighted context++ score	Total context++ score	TargetScan_description	list	list_type	GeneCards_score	Description
PBX1	5	mmu-miR-5114	wat	-0.52	-0.81	pre-B-cell leukemia homeobox 1 	GeneCards-SearchResults__acyl	genecards	1.16	PBX Homeobox 1
FLRT2	5	mmu-miR-376b-5p	liver	-0.14	-0.44	fibronectin leucine rich transmembrane protein 2 	GeneCards-SearchResults__atherosclerosis	genecards	0.67	Fibronectin Leucine Rich Transmembrane Protein 2
ANTXR2	5	mmu-miR-677-5p	liver, ileum	-0.24	-0.42	anthrax toxin receptor 2 	GeneCards-SearchResults__individually_typed_lipoproteins	genecards	0.1	Anthrax Toxin Receptor 2
AAK1	5	mmu-miR-5114	wat	-0.5	-0.72	AP2 associated kinase 1 	GeneCards-SearchResults__atherosclerosis	genecards	0.67	AP2 Associated Kinase 1
ZADH2	4	mmu-miR-677-5p	liver, ileum	-0.26	-0.41	zinc binding alcohol dehydrogenase domain containing 2 	GeneCards-SearchResults__acyl	genecards	2.24	Zinc Binding Alcohol Dehydrogenase Domain Containing 2
VPS13B	4	mmu-miR-677-5p	liver, ileum	-0.55	-0.55	vacuolar protein sorting 13 homolog B (yeast) 	GeneCards-SearchResults__atherosclerosis	genecards	2.91	Vacuolar Protein Sorting 13 Homolog B
VPS13B	4	mmu-miR-677-5p	liver, ileum	-0.55	-0.55	vacuolar protein sorting 13 homolog B (yeast) 	GeneCards-SearchResults__lipid metabolism	genecards	4.15	Vacuolar Protein Sorting 13 Homolog B
TLR4	4	mmu-miR-677-5p	liver, ileum	-0.42	-0.47	toll-like receptor 4 	GeneCards-SearchResults__acyl	genecards	2.32	Toll Like Receptor 4
TLR4	4	mmu-miR-677-5p	liver, ileum	-0.42	-0.47	toll-like receptor 4 	GeneCards-SearchResults__atherosclerosis	genecards	4.96	Toll Like Receptor 4
TLR4	4	mmu-miR-677-5p	liver, ileum	-0.42	-0.47	toll-like receptor 4 	GeneCards-SearchResults__atherosclerotic plaque	genecards	6.29	Toll Like Receptor 4
TLR4	4	mmu-miR-677-5p	liver, ileum	-0.42	-0.47	toll-like receptor 4 	GeneCards-SearchResults__ceramide	genecards	2.11	Toll Like Receptor 4
TLR4	4	mmu-miR-677-5p	liver, ileum	-0.42	-0.47	toll-like receptor 4 	GeneCards-SearchResults__galactosyl	genecards	1.19	Toll Like Receptor 4
TLR4	4	mmu-miR-677-5p	liver, ileum	-0.42	-0.47	toll-like receptor 4 	GeneCards-SearchResults__glycolipids	genecards	2.68	Toll Like Receptor 4
TLR4	4	mmu-miR-677-5p	liver, ileum	-0.42	-0.47	toll-like receptor 4 	GeneCards-SearchResults__individually_typed_lipoproteins	genecards	1.31	Toll Like Receptor 4
TLR4	4	mmu-miR-677-5p	liver, ileum	-0.42	-0.47	toll-like receptor 4 	GeneCards-SearchResults__lipoprotein	genecards	5.32	Toll Like Receptor 4
TLR4	4	mmu-miR-677-5p	liver, ileum	-0.42	-0.47	toll-like receptor 4 	GeneCards-SearchResults__phosphatidic acid	genecards	1.55	Toll Like Receptor 4
TLR4	4	mmu-miR-677-5p	liver, ileum	-0.42	-0.47	toll-like receptor 4 	GeneCards-SearchResults__sphingolipid	genecards	0.91	Toll Like Receptor 4
TFRC	4	mmu-miR-300-3p	liver	-0.73	-0.74	transferrin receptor 	GeneCards-SearchResults__glycerol	genecards	0.96	Transferrin Receptor
TFRC	4	mmu-miR-300-3p	liver	-0.73	-0.74	transferrin receptor 	GeneCards-SearchResults__individually_typed_lipoproteins	genecards	0.1	Transferrin Receptor
TFRC	4	mmu-miR-300-3p	liver	-0.73	-0.74	transferrin receptor 	GeneCards-SearchResults__intestinal absorption	genecards	2.18	Transferrin Receptor
TFRC	4	mmu-miR-300-3p	liver	-0.73	-0.74	transferrin receptor 	GeneCards-SearchResults__lipoprotein	genecards	0.97	Transferrin Receptor
TFRC	4	mmu-miR-300-3p	liver	-0.73	-0.74	transferrin receptor 	GeneCards-SearchResults__sphingolipid	genecards	0.91	Transferrin Receptor
RBP2	4	mmu-miR-5114	wat	-0.04	-0.44	retinol binding protein 2, cellular 	GeneCards-SearchResults__intestinal absorption	genecards	1.54	Retinol Binding Protein 2
LRAT	4	mmu-miR-434-5p	liver	-0.23	-0.47	lecithin retinol acyltransferase (phosphatidylcholine--retinol O-acyltransferase) 	GeneCards-SearchResults__acyl	genecards	7.57	Lecithin Retinol Acyltransferase (Phosphatidylcholine--Retinol O-Acyltransferase)
LRAT	4	mmu-miR-434-5p	liver	-0.23	-0.47	lecithin retinol acyltransferase (phosphatidylcholine--retinol O-acyltransferase) 	GeneCards-SearchResults__bile acid	genecards	1.33	Lecithin Retinol Acyltransferase (Phosphatidylcholine--Retinol O-Acyltransferase)
LIPC	4	mmu-miR-5114	wat	-0.01	-0.41	lipase, hepatic 	GeneCards-SearchResults__acyl	genecards	3.45	Lipase C, Hepatic Type
LIPC	4	mmu-miR-5114	wat	-0.01	-0.41	lipase, hepatic 	GeneCards-SearchResults__atherosclerosis	genecards	25.47	Lipase C, Hepatic Type
LIPC	4	mmu-miR-5114	wat	-0.01	-0.41	lipase, hepatic 	GeneCards-SearchResults__atherosclerotic plaque	genecards	2.18	Lipase C, Hepatic Type
LIPC	4	mmu-miR-5114	wat	-0.01	-0.41	lipase, hepatic 	GeneCards-SearchResults__bile acid	genecards	1.33	Lipase C, Hepatic Type
LIPC	4	mmu-miR-5114	wat	-0.01	-0.41	lipase, hepatic 	GeneCards-SearchResults__cholesterol metabolism	genecards	3.81	Lipase C, Hepatic Type
LIPC	4	mmu-miR-5114	wat	-0.01	-0.41	lipase, hepatic 	GeneCards-SearchResults__cholesteryl esters	genecards	19.66	Lipase C, Hepatic Type
LIPC	4	mmu-miR-5114	wat	-0.01	-0.41	lipase, hepatic 	GeneCards-SearchResults__chylomicron	genecards	6.51	Lipase C, Hepatic Type
LIPC	4	mmu-miR-5114	wat	-0.01	-0.41	lipase, hepatic 	GeneCards-SearchResults__diacylglycerol	genecards	67.13	Lipase C, Hepatic Type
LIPC	4	mmu-miR-5114	wat	-0.01	-0.41	lipase, hepatic 	GeneCards-SearchResults__ethanolamine	genecards	0.86	Lipase C, Hepatic Type
LIPC	4	mmu-miR-5114	wat	-0.01	-0.41	lipase, hepatic 	GeneCards-SearchResults__fatty acid metabolism	genecards	10.84	Lipase C, Hepatic Type
LIPC	4	mmu-miR-5114	wat	-0.01	-0.41	lipase, hepatic 	GeneCards-SearchResults__free cholesterol	genecards	2.34	Lipase C, Hepatic Type
LIPC	4	mmu-miR-5114	wat	-0.01	-0.41	lipase, hepatic 	GeneCards-SearchResults__glycerol	genecards	152.6	Lipase C, Hepatic Type
LIPC	4	mmu-miR-5114	wat	-0.01	-0.41	lipase, hepatic 	GeneCards-SearchResults__individually_typed_lipoproteins	genecards	29.95	Lipase C, Hepatic Type
LIPC	4	mmu-miR-5114	wat	-0.01	-0.41	lipase, hepatic 	GeneCards-SearchResults__lipid metabolism	genecards	17.94	Lipase C, Hepatic Type
LIPC	4	mmu-miR-5114	wat	-0.01	-0.41	lipase, hepatic 	GeneCards-SearchResults__lipoprotein	genecards	51.44	Lipase C, Hepatic Type
LIPC	4	mmu-miR-5114	wat	-0.01	-0.41	lipase, hepatic 	GeneCards-SearchResults__remnants	genecards	9.92	Lipase C, Hepatic Type
LIPC	4	mmu-miR-5114	wat	-0.01	-0.41	lipase, hepatic 	GeneCards-SearchResults__sphingolipid	genecards	0.91	Lipase C, Hepatic Type
LIPC	4	mmu-miR-5114	wat	-0.01	-0.41	lipase, hepatic 	GeneCards-SearchResults__sterol	genecards	1.9	Lipase C, Hepatic Type
LIPC	4	mmu-miR-5114	wat	-0.01	-0.41	lipase, hepatic 	GeneCards-SearchResults__triacylglycerol	genecards	20.25	Lipase C, Hepatic Type
LIPC	4	mmu-miR-5114	wat	-0.01	-0.41	lipase, hepatic 	GeneCards-SearchResults__triglycerides	genecards	46.93	Lipase C, Hepatic Type
IRF2BP2	4	mmu-miR-376b-5p	liver	-0.43	-0.43	interferon regulatory factor 2 binding protein 2 	GeneCards-SearchResults__atherosclerosis	genecards	0.67	Interferon Regulatory Factor 2 Binding Protein 2
FOSL2	4	mmu-miR-5114	wat	-0.21	-0.65	FOS-like antigen 2 	GeneCards-SearchResults__ceramide	genecards	2.19	FOS Like 2, AP-1 Transcription Factor Subunit
EDNRA	4	mmu-miR-300-3p	liver	-0.44	-0.44	endothelin receptor type A 	GeneCards-SearchResults__atherosclerosis	genecards	1.77	Endothelin Receptor Type A
EDNRA	4	mmu-miR-300-3p	liver	-0.44	-0.44	endothelin receptor type A 	GeneCards-SearchResults__individually_typed_lipoproteins	genecards	0.1	Endothelin Receptor Type A
EDNRA	4	mmu-miR-300-3p	liver	-0.44	-0.44	endothelin receptor type A 	GeneCards-SearchResults__lipoprotein	genecards	0.68	Endothelin Receptor Type A
EDNRA	4	mmu-miR-300-3p	liver	-0.44	-0.44	endothelin receptor type A 	GeneCards-SearchResults__remnants	genecards	1.03	Endothelin Receptor Type A
EDNRA	4	mmu-miR-300-3p	liver	-0.44	-0.44	endothelin receptor type A 	CAD gold rush 2016	manual annotation	no GeneCards score	no Genecards description
EDNRA	4	mmu-miR-300-3p	liver	-0.44	-0.44	endothelin receptor type A 	cad_gold_rush_genes_schunkert	manual annotation	no GeneCards score	no Genecards description
EDNRA	4	mmu-miR-300-3p	liver	-0.44	-0.44	endothelin receptor type A 	Kessler EMBO PMID=27189168	manual annotation	no GeneCards score	no Genecards description
BCL2	4	mmu-miR-5114	wat	-0.35	-0.47	B-cell CLL/lymphoma 2 	GeneCards-SearchResults__acyl	genecards	0.82	BCL2, Apoptosis Regulator
BCL2	4	mmu-miR-5114	wat	-0.35	-0.47	B-cell CLL/lymphoma 2 	GeneCards-SearchResults__atherosclerosis	genecards	0.95	BCL2, Apoptosis Regulator
BCL2	4	mmu-miR-5114	wat	-0.35	-0.47	B-cell CLL/lymphoma 2 	GeneCards-SearchResults__ceramide synthesis	genecards	1.4	BCL2, Apoptosis Regulator
BCL2	4	mmu-miR-5114	wat	-0.35	-0.47	B-cell CLL/lymphoma 2 	GeneCards-SearchResults__ceramide	genecards	10.04	BCL2, Apoptosis Regulator
BCL2	4	mmu-miR-5114	wat	-0.35	-0.47	B-cell CLL/lymphoma 2 	GeneCards-SearchResults__diacylglycerol	genecards	0.91	BCL2, Apoptosis Regulator
BCL2	4	mmu-miR-5114	wat	-0.35	-0.47	B-cell CLL/lymphoma 2 	GeneCards-SearchResults__individually_typed_lipoproteins	genecards	0.77	BCL2, Apoptosis Regulator
BCL2	4	mmu-miR-5114	wat	-0.35	-0.47	B-cell CLL/lymphoma 2 	GeneCards-SearchResults__lipoprotein	genecards	1.37	BCL2, Apoptosis Regulator
BCL2	4	mmu-miR-5114	wat	-0.35	-0.47	B-cell CLL/lymphoma 2 	GeneCards-SearchResults__lysophosphatidylcholine	genecards	1	BCL2, Apoptosis Regulator
BCL2	4	mmu-miR-5114	wat	-0.35	-0.47	B-cell CLL/lymphoma 2 	GeneCards-SearchResults__phosphatidic acid	genecards	2.19	BCL2, Apoptosis Regulator
BCL2	4	mmu-miR-5114	wat	-0.35	-0.47	B-cell CLL/lymphoma 2 	GeneCards-SearchResults__sphingolipid	genecards	3.4	BCL2, Apoptosis Regulator
ASAH2B	4	mmu-miR-434-3p	liver	-0.42	-0.42	N-acylsphingosine amidohydrolase (non-lysosomal ceramidase) 2B 	GeneCards-SearchResults__ceramide	genecards	13.12	N-Acylsphingosine Amidohydrolase 2B
ASAH2B	4	mmu-miR-434-3p	liver	-0.42	-0.42	N-acylsphingosine amidohydrolase (non-lysosomal ceramidase) 2B 	GeneCards-SearchResults__galactosyl	genecards	12.63	N-Acylsphingosine Amidohydrolase 2B
ASAH2B	4	mmu-miR-434-3p	liver	-0.42	-0.42	N-acylsphingosine amidohydrolase (non-lysosomal ceramidase) 2B 	GeneCards-SearchResults__globotriaosylceramide	genecards	2.64	N-Acylsphingosine Amidohydrolase 2B
ASAH2B	4	mmu-miR-434-3p	liver	-0.42	-0.42	N-acylsphingosine amidohydrolase (non-lysosomal ceramidase) 2B 	GeneCards-SearchResults__glycolipids	genecards	2.63	N-Acylsphingosine Amidohydrolase 2B
ASAH2B	4	mmu-miR-434-3p	liver	-0.42	-0.42	N-acylsphingosine amidohydrolase (non-lysosomal ceramidase) 2B 	GeneCards-SearchResults__lactosyl	genecards	6.98	N-Acylsphingosine Amidohydrolase 2B
ASAH2B	4	mmu-miR-677-5p	liver, ileum	-0.34	-0.45	N-acylsphingosine amidohydrolase (non-lysosomal ceramidase) 2B 	GeneCards-SearchResults__ceramide	genecards	13.12	N-Acylsphingosine Amidohydrolase 2B
ASAH2B	4	mmu-miR-677-5p	liver, ileum	-0.34	-0.45	N-acylsphingosine amidohydrolase (non-lysosomal ceramidase) 2B 	GeneCards-SearchResults__galactosyl	genecards	12.63	N-Acylsphingosine Amidohydrolase 2B
ASAH2B	4	mmu-miR-677-5p	liver, ileum	-0.34	-0.45	N-acylsphingosine amidohydrolase (non-lysosomal ceramidase) 2B 	GeneCards-SearchResults__globotriaosylceramide	genecards	2.64	N-Acylsphingosine Amidohydrolase 2B
ASAH2B	4	mmu-miR-677-5p	liver, ileum	-0.34	-0.45	N-acylsphingosine amidohydrolase (non-lysosomal ceramidase) 2B 	GeneCards-SearchResults__glycolipids	genecards	2.63	N-Acylsphingosine Amidohydrolase 2B
ASAH2B	4	mmu-miR-677-5p	liver, ileum	-0.34	-0.45	N-acylsphingosine amidohydrolase (non-lysosomal ceramidase) 2B 	GeneCards-SearchResults__lactosyl	genecards	6.98	N-Acylsphingosine Amidohydrolase 2B
ADAMTS5	4	mmu-miR-677-5p	liver, ileum	-0.36	-0.51	ADAM metallopeptidase with thrombospondin type 1 motif, 5 	GeneCards-SearchResults__atherosclerosis	genecards	0.95	ADAM Metallopeptidase With Thrombospondin Type 1 Motif 5
ADAMTS5	4	mmu-miR-677-5p	liver, ileum	-0.36	-0.51	ADAM metallopeptidase with thrombospondin type 1 motif, 5 	GeneCards-SearchResults__lipoprotein	genecards	0.97	ADAM Metallopeptidase With Thrombospondin Type 1 Motif 5
YLPM1	3	mmu-miR-431-5p	liver	-0.48	-0.48	YLP motif containing 1 	GeneCards-SearchResults__lipoprotein	genecards	0.68	YLP Motif Containing 1
VNN1	3	mmu-miR-5114	wat	-0.37	-0.41	vanin 1 	GeneCards-SearchResults__individually_typed_lipoproteins	genecards	0.11	Vanin 1
VNN1	3	mmu-miR-5114	wat	-0.37	-0.41	vanin 1 	GeneCards-SearchResults__lipid metabolism	genecards	1.09	Vanin 1
URM1	3	mmu-miR-5114	wat	-0.67	-0.69	ubiquitin related modifier 1 	GeneCards-SearchResults__acyl	genecards	1.43	Ubiquitin Related Modifier 1
TOX3	3	mmu-miR-5114	wat	-0.66	-0.66	TOX high mobility group box family member 3 	GeneCards-SearchResults__atherosclerosis	genecards	0.67	TOX High Mobility Group Box Family Member 3
TFAM	3	mmu-miR-677-5p	liver, ileum	-0.07	-0.46	transcription factor A, mitochondrial 	GeneCards-SearchResults__fatty acid metabolism	genecards	1.81	Transcription Factor A, Mitochondrial
TFAM	3	mmu-miR-677-5p	liver, ileum	-0.07	-0.46	transcription factor A, mitochondrial 	GeneCards-SearchResults__lipoprotein	genecards	0.68	Transcription Factor A, Mitochondrial
SEPSECS	3	mmu-miR-677-5p	liver, ileum	-0.24	-0.53	Sep (O-phosphoserine) tRNA:Sec (selenocysteine) tRNA synthase 	GeneCards-SearchResults__lipoprotein	genecards	0.68	Sep (O-Phosphoserine) TRNA:Sec (Selenocysteine) TRNA Synthase
PRKACB	3	mmu-miR-5114	wat	0	-0.44	protein kinase, cAMP-dependent, catalytic, beta 	GeneCards-SearchResults__bile secretion	genecards	3.7	Protein Kinase CAMP-Activated Catalytic Subunit Beta
PRKACB	3	mmu-miR-5114	wat	0	-0.44	protein kinase, cAMP-dependent, catalytic, beta 	GeneCards-SearchResults__individually_typed_lipoproteins	genecards	0.18	Protein Kinase CAMP-Activated Catalytic Subunit Beta
PRKACB	3	mmu-miR-5114	wat	0	-0.44	protein kinase, cAMP-dependent, catalytic, beta 	GeneCards-SearchResults__lipid metabolism	genecards	1.32	Protein Kinase CAMP-Activated Catalytic Subunit Beta
PRKACB	3	mmu-miR-5114	wat	0	-0.44	protein kinase, cAMP-dependent, catalytic, beta 	GeneCards-SearchResults__lipoprotein	genecards	3.32	Protein Kinase CAMP-Activated Catalytic Subunit Beta
PRKACB	3	mmu-miR-5114	wat	0	-0.44	protein kinase, cAMP-dependent, catalytic, beta 	GeneCards-SearchResults__triacylglycerol	genecards	0.91	Protein Kinase CAMP-Activated Catalytic Subunit Beta
PIK3R3	3	mmu-miR-5114	wat	-0.35	-0.49	phosphoinositide-3-kinase, regulatory subunit 3 (gamma) 	GeneCards-SearchResults__ceramide	genecards	2.19	Phosphoinositide-3-Kinase Regulatory Subunit 3
PIK3R3	3	mmu-miR-5114	wat	-0.35	-0.49	phosphoinositide-3-kinase, regulatory subunit 3 (gamma) 	GeneCards-SearchResults__lipid metabolism	genecards	1.32	Phosphoinositide-3-Kinase Regulatory Subunit 3
PIK3R3	3	mmu-miR-5114	wat	-0.35	-0.49	phosphoinositide-3-kinase, regulatory subunit 3 (gamma) 	GeneCards-SearchResults__lipoprotein	genecards	0.77	Phosphoinositide-3-Kinase Regulatory Subunit 3
PIK3R3	3	mmu-miR-5114	wat	-0.35	-0.49	phosphoinositide-3-kinase, regulatory subunit 3 (gamma) 	GeneCards-SearchResults__phosphatidyl inositol	genecards	1.86	Phosphoinositide-3-Kinase Regulatory Subunit 3
PIK3R3	3	mmu-miR-5114	wat	-0.35	-0.49	phosphoinositide-3-kinase, regulatory subunit 3 (gamma) 	GeneCards-SearchResults__sphingolipid	genecards	1.83	Phosphoinositide-3-Kinase Regulatory Subunit 3
PIGH	3	mmu-miR-677-5p	liver, ileum	-0.32	-0.43	phosphatidylinositol glycan anchor biosynthesis, class H 	GeneCards-SearchResults__acyl	genecards	2.25	Phosphatidylinositol Glycan Anchor Biosynthesis Class H
PIGH	3	mmu-miR-677-5p	liver, ileum	-0.32	-0.43	phosphatidylinositol glycan anchor biosynthesis, class H 	GeneCards-SearchResults__ceramide	genecards	14.92	Phosphatidylinositol Glycan Anchor Biosynthesis Class H
PIGH	3	mmu-miR-677-5p	liver, ileum	-0.32	-0.43	phosphatidylinositol glycan anchor biosynthesis, class H 	GeneCards-SearchResults__galactosyl	genecards	17.11	Phosphatidylinositol Glycan Anchor Biosynthesis Class H
PIGH	3	mmu-miR-677-5p	liver, ileum	-0.32	-0.43	phosphatidylinositol glycan anchor biosynthesis, class H 	GeneCards-SearchResults__globotriaosylceramide	genecards	2.64	Phosphatidylinositol Glycan Anchor Biosynthesis Class H
PIGH	3	mmu-miR-677-5p	liver, ileum	-0.32	-0.43	phosphatidylinositol glycan anchor biosynthesis, class H 	GeneCards-SearchResults__glycolipids	genecards	5.78	Phosphatidylinositol Glycan Anchor Biosynthesis Class H
PIGH	3	mmu-miR-677-5p	liver, ileum	-0.32	-0.43	phosphatidylinositol glycan anchor biosynthesis, class H 	GeneCards-SearchResults__lactosyl	genecards	6.98	Phosphatidylinositol Glycan Anchor Biosynthesis Class H
NPAT	3	mmu-miR-434-5p	liver	-0.47	-0.5	nuclear protein, ataxia-telangiectasia locus 	GeneCards-SearchResults__sterol	genecards	0.87	Nuclear Protein, Coactivator Of Histone Transcription
MTMR10	3	mmu-miR-5114	wat	-0.37	-0.56	myotubularin related protein 10 	GeneCards-SearchResults__triglycerides	genecards	0.87	Myotubularin Related Protein 10
MMADHC	3	mmu-miR-434-5p	liver	0	-0.53	methylmalonic aciduria (cobalamin deficiency) cblD type, with homocystinuria 	GeneCards-SearchResults__intestinal absorption	genecards	4.92	Methylmalonic Aciduria And Homocystinuria, CblD Type
MMADHC	3	mmu-miR-677-5p	liver, ileum	-0.07	-0.49	methylmalonic aciduria (cobalamin deficiency) cblD type, with homocystinuria 	GeneCards-SearchResults__intestinal absorption	genecards	4.92	Methylmalonic Aciduria And Homocystinuria, CblD Type
IGF1	3	mmu-miR-677-5p	liver, ileum	-0.1	-0.41	insulin-like growth factor 1 (somatomedin C) 	GeneCards-SearchResults__acyl	genecards	1.84	Insulin Like Growth Factor 1
IGF1	3	mmu-miR-677-5p	liver, ileum	-0.1	-0.41	insulin-like growth factor 1 (somatomedin C) 	GeneCards-SearchResults__atherosclerosis	genecards	2.11	Insulin Like Growth Factor 1
IGF1	3	mmu-miR-677-5p	liver, ileum	-0.1	-0.41	insulin-like growth factor 1 (somatomedin C) 	GeneCards-SearchResults__atherosclerotic plaque	genecards	1.55	Insulin Like Growth Factor 1
IGF1	3	mmu-miR-677-5p	liver, ileum	-0.1	-0.41	insulin-like growth factor 1 (somatomedin C) 	GeneCards-SearchResults__bile acid synthesis	genecards	1.91	Insulin Like Growth Factor 1
IGF1	3	mmu-miR-677-5p	liver, ileum	-0.1	-0.41	insulin-like growth factor 1 (somatomedin C) 	GeneCards-SearchResults__bile acid	genecards	1.33	Insulin Like Growth Factor 1
IGF1	3	mmu-miR-677-5p	liver, ileum	-0.1	-0.41	insulin-like growth factor 1 (somatomedin C) 	GeneCards-SearchResults__ceramide	genecards	1.63	Insulin Like Growth Factor 1
IGF1	3	mmu-miR-677-5p	liver, ileum	-0.1	-0.41	insulin-like growth factor 1 (somatomedin C) 	GeneCards-SearchResults__cholesterol metabolism	genecards	1.26	Insulin Like Growth Factor 1
IGF1	3	mmu-miR-677-5p	liver, ileum	-0.1	-0.41	insulin-like growth factor 1 (somatomedin C) 	GeneCards-SearchResults__chylomicron	genecards	4.72	Insulin Like Growth Factor 1
IGF1	3	mmu-miR-677-5p	liver, ileum	-0.1	-0.41	insulin-like growth factor 1 (somatomedin C) 	GeneCards-SearchResults__diacylglycerol	genecards	0.91	Insulin Like Growth Factor 1
IGF1	3	mmu-miR-677-5p	liver, ileum	-0.1	-0.41	insulin-like growth factor 1 (somatomedin C) 	GeneCards-SearchResults__glycerol	genecards	1.01	Insulin Like Growth Factor 1
IGF1	3	mmu-miR-677-5p	liver, ileum	-0.1	-0.41	insulin-like growth factor 1 (somatomedin C) 	GeneCards-SearchResults__individually_typed_lipoproteins	genecards	2.96	Insulin Like Growth Factor 1
IGF1	3	mmu-miR-677-5p	liver, ileum	-0.1	-0.41	insulin-like growth factor 1 (somatomedin C) 	GeneCards-SearchResults__lipid metabolism	genecards	10.46	Insulin Like Growth Factor 1
IGF1	3	mmu-miR-677-5p	liver, ileum	-0.1	-0.41	insulin-like growth factor 1 (somatomedin C) 	GeneCards-SearchResults__lipoprotein	genecards	12.31	Insulin Like Growth Factor 1
IGF1	3	mmu-miR-677-5p	liver, ileum	-0.1	-0.41	insulin-like growth factor 1 (somatomedin C) 	GeneCards-SearchResults__phosphatidic acid	genecards	1.55	Insulin Like Growth Factor 1
IGF1	3	mmu-miR-677-5p	liver, ileum	-0.1	-0.41	insulin-like growth factor 1 (somatomedin C) 	GeneCards-SearchResults__steroid synthesis	genecards	1.28	Insulin Like Growth Factor 1
IGF1	3	mmu-miR-677-5p	liver, ileum	-0.1	-0.41	insulin-like growth factor 1 (somatomedin C) 	GeneCards-SearchResults__sterol	genecards	1.51	Insulin Like Growth Factor 1
IGF1	3	mmu-miR-677-5p	liver, ileum	-0.1	-0.41	insulin-like growth factor 1 (somatomedin C) 	GeneCards-SearchResults__triglycerides	genecards	8.53	Insulin Like Growth Factor 1
GRIA4	3	mmu-miR-5114	wat	-0.43	-0.43	glutamate receptor, ionotropic, AMPA 4 	GeneCards-SearchResults__ethanolamine	genecards	0.86	Glutamate Ionotropic Receptor AMPA Type Subunit 4
GPBP1	3	mmu-miR-543-3p	liver	-0.28	-0.41	GC-rich promoter binding protein 1 	GeneCards-SearchResults__atherosclerosis	genecards	2.04	GC-Rich Promoter Binding Protein 1
GPBP1	3	mmu-miR-543-3p	liver	-0.28	-0.41	GC-rich promoter binding protein 1 	GeneCards-SearchResults__atherosclerotic plaque	genecards	4.71	GC-Rich Promoter Binding Protein 1
FZD8	3	mmu-miR-376b-5p	liver	-0.41	-0.41	frizzled family receptor 8 	GeneCards-SearchResults__individually_typed_lipoproteins	genecards	0.1	Frizzled Class Receptor 8
FPGT	3	mmu-miR-431-5p	liver	-0.33	-0.66	fucose-1-phosphate guanylyltransferase 	GeneCards-SearchResults__glycolipids	genecards	4.33	Fucose-1-Phosphate Guanylyltransferase
CD59	3	mmu-miR-5114	wat	-0.01	-0.56	CD59 molecule, complement regulatory protein 	GeneCards-SearchResults__atherosclerosis	genecards	1.16	CD59 Molecule
CD59	3	mmu-miR-5114	wat	-0.01	-0.56	CD59 molecule, complement regulatory protein 	GeneCards-SearchResults__glycolipids	genecards	3.01	CD59 Molecule
CD59	3	mmu-miR-5114	wat	-0.01	-0.56	CD59 molecule, complement regulatory protein 	GeneCards-SearchResults__lipoprotein	genecards	0.97	CD59 Molecule
CD59	3	mmu-miR-5114	wat	-0.01	-0.56	CD59 molecule, complement regulatory protein 	GeneCards-SearchResults__phosphatidyl inositol	genecards	1.86	CD59 Molecule
APBB2	3	mmu-miR-5114	wat	-0.23	-0.55	amyloid beta (A4) precursor protein-binding, family B, member 2 	GeneCards-SearchResults__atherosclerosis	genecards	0.67	Amyloid Beta Precursor Protein Binding Family B Member 2
APBB2	3	mmu-miR-5114	wat	-0.23	-0.55	amyloid beta (A4) precursor protein-binding, family B, member 2 	GeneCards-SearchResults__lipoprotein	genecards	0.68	Amyloid Beta Precursor Protein Binding Family B Member 2
ZDHHC9	2	mmu-miR-5114	wat	-0.53	-0.53	zinc finger, DHHC-type containing 9 	GeneCards-SearchResults__acyl	genecards	0.98	Zinc Finger DHHC-Type Containing 9
YWHAQ	2	mmu-miR-5114	wat	-0.43	-0.46	tyrosine 3-monooxygenase/tryptophan 5-monooxygenase activation protein, theta polypeptide 	GeneCards-SearchResults__ceramide	genecards	0.81	Tyrosine 3-Monooxygenase/Tryptophan 5-Monooxygenase Activation Protein Theta
YWHAQ	2	mmu-miR-5114	wat	-0.43	-0.46	tyrosine 3-monooxygenase/tryptophan 5-monooxygenase activation protein, theta polypeptide 	GeneCards-SearchResults__diacylglycerol	genecards	1.2	Tyrosine 3-Monooxygenase/Tryptophan 5-Monooxygenase Activation Protein Theta
YWHAB	2	mmu-miR-434-5p	liver	-0.01	-0.43	tyrosine 3-monooxygenase/tryptophan 5-monooxygenase activation protein, beta polypeptide 	GeneCards-SearchResults__ceramide	genecards	0.81	Tyrosine 3-Monooxygenase/Tryptophan 5-Monooxygenase Activation Protein Beta
YWHAB	2	mmu-miR-434-5p	liver	-0.01	-0.43	tyrosine 3-monooxygenase/tryptophan 5-monooxygenase activation protein, beta polypeptide 	GeneCards-SearchResults__diacylglycerol	genecards	1.2	Tyrosine 3-Monooxygenase/Tryptophan 5-Monooxygenase Activation Protein Beta
YWHAB	2	mmu-miR-434-5p	liver	-0.01	-0.43	tyrosine 3-monooxygenase/tryptophan 5-monooxygenase activation protein, beta polypeptide 	GeneCards-SearchResults__lipid metabolism	genecards	1.09	Tyrosine 3-Monooxygenase/Tryptophan 5-Monooxygenase Activation Protein Beta
YWHAB	2	mmu-miR-677-5p	liver, ileum	-0.44	-0.53	tyrosine 3-monooxygenase/tryptophan 5-monooxygenase activation protein, beta polypeptide 	GeneCards-SearchResults__ceramide	genecards	0.81	Tyrosine 3-Monooxygenase/Tryptophan 5-Monooxygenase Activation Protein Beta
YWHAB	2	mmu-miR-677-5p	liver, ileum	-0.44	-0.53	tyrosine 3-monooxygenase/tryptophan 5-monooxygenase activation protein, beta polypeptide 	GeneCards-SearchResults__diacylglycerol	genecards	1.2	Tyrosine 3-Monooxygenase/Tryptophan 5-Monooxygenase Activation Protein Beta
YWHAB	2	mmu-miR-677-5p	liver, ileum	-0.44	-0.53	tyrosine 3-monooxygenase/tryptophan 5-monooxygenase activation protein, beta polypeptide 	GeneCards-SearchResults__lipid metabolism	genecards	1.09	Tyrosine 3-Monooxygenase/Tryptophan 5-Monooxygenase Activation Protein Beta
VPS13A	2	mmu-miR-677-5p	liver, ileum	-0.05	-0.41	vacuolar protein sorting 13 homolog A (S. cerevisiae) 	GeneCards-SearchResults__lipoprotein	genecards	6.07	Vacuolar Protein Sorting 13 Homolog A
TSPAN6	2	mmu-miR-376b-5p	liver	-0.13	-0.46	tetraspanin 6 	GeneCards-SearchResults__atherosclerosis	genecards	0.67	Tetraspanin 6
TGIF1	2	mmu-miR-5114	wat	-0.09	-0.41	TGFB-induced factor homeobox 1 	GeneCards-SearchResults__ethanolamine	genecards	0.86	TGFB Induced Factor Homeobox 1
TGIF1	2	mmu-miR-5114	wat	-0.09	-0.41	TGFB-induced factor homeobox 1 	GeneCards-SearchResults__lipoprotein	genecards	0.68	TGFB Induced Factor Homeobox 1
TGIF1	2	mmu-miR-5114	wat	-0.09	-0.41	TGFB-induced factor homeobox 1 	GeneCards-SearchResults__sterol	genecards	0.87	TGFB Induced Factor Homeobox 1
SUMO1	2	mmu-miR-434-3p	liver	-0.19	-0.51	small ubiquitin-like modifier 1 	GeneCards-SearchResults__lipid metabolism	genecards	1.09	Small Ubiquitin-Like Modifier 1
SUMO1	2	mmu-miR-434-3p	liver	-0.19	-0.51	small ubiquitin-like modifier 1 	GeneCards-SearchResults__lipoprotein	genecards	0.68	Small Ubiquitin-Like Modifier 1
SUMO1	2	mmu-miR-434-3p	liver	-0.19	-0.51	small ubiquitin-like modifier 1 	GeneCards-SearchResults__sterol	genecards	2.27	Small Ubiquitin-Like Modifier 1
STX11	2	mmu-miR-376b-5p	liver	-0.46	-0.46	syntaxin 11 	GeneCards-SearchResults__acyl	genecards	0.82	Syntaxin 11
STX11	2	mmu-miR-376b-5p	liver	-0.46	-0.46	syntaxin 11 	GeneCards-SearchResults__cholesterol metabolism	genecards	1.88	Syntaxin 11
STX11	2	mmu-miR-376b-5p	liver	-0.46	-0.46	syntaxin 11 	GeneCards-SearchResults__individually_typed_lipoproteins	genecards	2.04	Syntaxin 11
STX11	2	mmu-miR-376b-5p	liver	-0.46	-0.46	syntaxin 11 	GeneCards-SearchResults__lipid metabolism	genecards	3.5	Syntaxin 11
STX11	2	mmu-miR-376b-5p	liver	-0.46	-0.46	syntaxin 11 	GeneCards-SearchResults__lipoprotein	genecards	7.71	Syntaxin 11
STX11	2	mmu-miR-376b-5p	liver	-0.46	-0.46	syntaxin 11 	GeneCards-SearchResults__triglycerides	genecards	3.52	Syntaxin 11
SLC10A7	2	mmu-miR-5114	wat	-0.35	-0.45	solute carrier family 10, member 7 	GeneCards-SearchResults__bile acid	genecards	25.76	Solute Carrier Family 10 Member 7
RUFY1	2	mmu-miR-5114	wat	-0.48	-0.48	RUN and FYVE domain containing 1 	GeneCards-SearchResults__lipoprotein	genecards	0.77	RUN And FYVE Domain Containing 1
RAN	2	mmu-miR-300-3p	liver	-0.51	-0.51	RAN, member RAS oncogene family 	GeneCards-SearchResults__cholesterol biosynthesis	genecards	3.67	RAN, Member RAS Oncogene Family
RAN	2	mmu-miR-300-3p	liver	-0.51	-0.51	RAN, member RAS oncogene family 	GeneCards-SearchResults__lipoprotein	genecards	0.77	RAN, Member RAS Oncogene Family
RAN	2	mmu-miR-300-3p	liver	-0.51	-0.51	RAN, member RAS oncogene family 	GeneCards-SearchResults__phosphatidyl inositol	genecards	1.86	RAN, Member RAS Oncogene Family
RAN	2	mmu-miR-300-3p	liver	-0.51	-0.51	RAN, member RAS oncogene family 	GeneCards-SearchResults__sterol	genecards	0.87	RAN, Member RAS Oncogene Family
RAB11A	2	mmu-miR-300-3p	liver	-0.02	-0.46	RAB11A, member RAS oncogene family 	GeneCards-SearchResults__sphingolipid	genecards	1.83	RAB11A, Member RAS Oncogene Family
PTCHD4	2	mmu-miR-5114	wat	-0.58	-0.79	patched domain containing 4 	GeneCards-SearchResults__sterol	genecards	1.38	Patched Domain Containing 4
PRKAA1	2	mmu-miR-677-5p	liver, ileum	-0.47	-0.56	protein kinase, AMP-activated, alpha 1 catalytic subunit 	GeneCards-SearchResults__atherosclerosis	genecards	0.95	Protein Kinase AMP-Activated Catalytic Subunit Alpha 1
PRKAA1	2	mmu-miR-677-5p	liver, ileum	-0.47	-0.56	protein kinase, AMP-activated, alpha 1 catalytic subunit 	GeneCards-SearchResults__ceramide synthesis	genecards	1.4	Protein Kinase AMP-Activated Catalytic Subunit Alpha 1
PRKAA1	2	mmu-miR-677-5p	liver, ileum	-0.47	-0.56	protein kinase, AMP-activated, alpha 1 catalytic subunit 	GeneCards-SearchResults__ceramide	genecards	5.19	Protein Kinase AMP-Activated Catalytic Subunit Alpha 1
PRKAA1	2	mmu-miR-677-5p	liver, ileum	-0.47	-0.56	protein kinase, AMP-activated, alpha 1 catalytic subunit 	GeneCards-SearchResults__cholesterol metabolism	genecards	5.67	Protein Kinase AMP-Activated Catalytic Subunit Alpha 1
PRKAA1	2	mmu-miR-677-5p	liver, ileum	-0.47	-0.56	protein kinase, AMP-activated, alpha 1 catalytic subunit 	GeneCards-SearchResults__cholesterol synthesis	genecards	5.24	Protein Kinase AMP-Activated Catalytic Subunit Alpha 1
PRKAA1	2	mmu-miR-677-5p	liver, ileum	-0.47	-0.56	protein kinase, AMP-activated, alpha 1 catalytic subunit 	GeneCards-SearchResults__fatty acid metabolism	genecards	4.9	Protein Kinase AMP-Activated Catalytic Subunit Alpha 1
PRKAA1	2	mmu-miR-677-5p	liver, ileum	-0.47	-0.56	protein kinase, AMP-activated, alpha 1 catalytic subunit 	GeneCards-SearchResults__lipid metabolism	genecards	5.12	Protein Kinase AMP-Activated Catalytic Subunit Alpha 1
PRKAA1	2	mmu-miR-677-5p	liver, ileum	-0.47	-0.56	protein kinase, AMP-activated, alpha 1 catalytic subunit 	GeneCards-SearchResults__lipoprotein	genecards	0.97	Protein Kinase AMP-Activated Catalytic Subunit Alpha 1
PRKAA1	2	mmu-miR-677-5p	liver, ileum	-0.47	-0.56	protein kinase, AMP-activated, alpha 1 catalytic subunit 	GeneCards-SearchResults__sterol	genecards	3.48	Protein Kinase AMP-Activated Catalytic Subunit Alpha 1
PRKAA1	2	mmu-miR-677-5p	liver, ileum	-0.47	-0.56	protein kinase, AMP-activated, alpha 1 catalytic subunit 	GeneCards-SearchResults__triglycerides	genecards	0.87	Protein Kinase AMP-Activated Catalytic Subunit Alpha 1
PPP1CB	2	mmu-miR-376b-5p	liver	-0.41	-0.41	protein phosphatase 1, catalytic subunit, beta isozyme 	GeneCards-SearchResults__lipid metabolism	genecards	1.32	Protein Phosphatase 1 Catalytic Subunit Beta
PPP1CB	2	mmu-miR-376b-5p	liver	-0.41	-0.41	protein phosphatase 1, catalytic subunit, beta isozyme 	GeneCards-SearchResults__lipoprotein	genecards	1.89	Protein Phosphatase 1 Catalytic Subunit Beta
PPP1CB	2	mmu-miR-376b-5p	liver	-0.41	-0.41	protein phosphatase 1, catalytic subunit, beta isozyme 	GeneCards-SearchResults__triacylglycerol	genecards	0.91	Protein Phosphatase 1 Catalytic Subunit Beta
PLA2G5	2	mmu-miR-5114	wat	-0.36	-0.54	phospholipase A2, group V 	GeneCards-SearchResults__acyl	genecards	9.2	Phospholipase A2 Group V
PLA2G5	2	mmu-miR-5114	wat	-0.36	-0.54	phospholipase A2, group V 	GeneCards-SearchResults__atherosclerosis	genecards	0.67	Phospholipase A2 Group V
PLA2G5	2	mmu-miR-5114	wat	-0.36	-0.54	phospholipase A2, group V 	GeneCards-SearchResults__bile acid	genecards	1.33	Phospholipase A2 Group V
PLA2G5	2	mmu-miR-5114	wat	-0.36	-0.54	phospholipase A2, group V 	GeneCards-SearchResults__glycerol	genecards	0.88	Phospholipase A2 Group V
PLA2G5	2	mmu-miR-5114	wat	-0.36	-0.54	phospholipase A2, group V 	GeneCards-SearchResults__individually_typed_lipoproteins	genecards	0.1	Phospholipase A2 Group V
PLA2G5	2	mmu-miR-5114	wat	-0.36	-0.54	phospholipase A2, group V 	GeneCards-SearchResults__lipid metabolism	genecards	2.74	Phospholipase A2 Group V
PLA2G5	2	mmu-miR-5114	wat	-0.36	-0.54	phospholipase A2, group V 	GeneCards-SearchResults__lipoprotein	genecards	1.96	Phospholipase A2 Group V
PLA2G5	2	mmu-miR-5114	wat	-0.36	-0.54	phospholipase A2, group V 	GeneCards-SearchResults__lysophosphatidylcholine	genecards	14.25	Phospholipase A2 Group V
PLA2G5	2	mmu-miR-5114	wat	-0.36	-0.54	phospholipase A2, group V 	GeneCards-SearchResults__phosphatidic acid	genecards	2.07	Phospholipase A2 Group V
PITPNC1	2	mmu-miR-5114	wat	-0.42	-0.48	phosphatidylinositol transfer protein, cytoplasmic 1 	GeneCards-SearchResults__lipid metabolism	genecards	2.72	Phosphatidylinositol Transfer Protein, Cytoplasmic 1
PITPNC1	2	mmu-miR-5114	wat	-0.42	-0.48	phosphatidylinositol transfer protein, cytoplasmic 1 	GeneCards-SearchResults__phosphatidic acid	genecards	3.63	Phosphatidylinositol Transfer Protein, Cytoplasmic 1
PGR	2	mmu-miR-5114	wat	-0.38	-0.5	progesterone receptor 	GeneCards-SearchResults__bile acid	genecards	1.33	Progesterone Receptor
PAK1	2	mmu-miR-677-5p	liver, ileum	-0.56	-0.56	p21 protein (Cdc42/Rac)-activated kinase 1 	GeneCards-SearchResults__atherosclerosis	genecards	0.67	P21 (RAC1) Activated Kinase 1
PAK1	2	mmu-miR-677-5p	liver, ileum	-0.56	-0.56	p21 protein (Cdc42/Rac)-activated kinase 1 	GeneCards-SearchResults__diacylglycerol	genecards	0.91	P21 (RAC1) Activated Kinase 1
PAK1	2	mmu-miR-677-5p	liver, ileum	-0.56	-0.56	p21 protein (Cdc42/Rac)-activated kinase 1 	GeneCards-SearchResults__sterol	genecards	1.15	P21 (RAC1) Activated Kinase 1
NFKBIA	2	mmu-miR-677-5p	liver, ileum	-0.43	-0.55	nuclear factor of kappa light polypeptide gene enhancer in B-cells inhibitor, alpha 	GeneCards-SearchResults__atherosclerosis	genecards	0.67	NFKB Inhibitor Alpha
NFKBIA	2	mmu-miR-677-5p	liver, ileum	-0.43	-0.55	nuclear factor of kappa light polypeptide gene enhancer in B-cells inhibitor, alpha 	GeneCards-SearchResults__atherosclerotic plaque	genecards	1.55	NFKB Inhibitor Alpha
NFKBIA	2	mmu-miR-677-5p	liver, ileum	-0.43	-0.55	nuclear factor of kappa light polypeptide gene enhancer in B-cells inhibitor, alpha 	GeneCards-SearchResults__ceramide	genecards	4.78	NFKB Inhibitor Alpha
NFKBIA	2	mmu-miR-677-5p	liver, ileum	-0.43	-0.55	nuclear factor of kappa light polypeptide gene enhancer in B-cells inhibitor, alpha 	GeneCards-SearchResults__diacylglycerol	genecards	0.91	NFKB Inhibitor Alpha
NFKBIA	2	mmu-miR-677-5p	liver, ileum	-0.43	-0.55	nuclear factor of kappa light polypeptide gene enhancer in B-cells inhibitor, alpha 	GeneCards-SearchResults__individually_typed_lipoproteins	genecards	0.14	NFKB Inhibitor Alpha
NFKBIA	2	mmu-miR-677-5p	liver, ileum	-0.43	-0.55	nuclear factor of kappa light polypeptide gene enhancer in B-cells inhibitor, alpha 	GeneCards-SearchResults__lipoprotein	genecards	1.18	NFKB Inhibitor Alpha
MEFV	2	mmu-miR-5114	wat	-0.41	-0.61	Mediterranean fever 	GeneCards-SearchResults__atherosclerosis	genecards	2.21	MEFV, Pyrin Innate Immunity Regulator
MEFV	2	mmu-miR-5114	wat	-0.41	-0.61	Mediterranean fever 	GeneCards-SearchResults__atherosclerotic plaque	genecards	2.18	MEFV, Pyrin Innate Immunity Regulator
MEFV	2	mmu-miR-5114	wat	-0.41	-0.61	Mediterranean fever 	GeneCards-SearchResults__lipid metabolism	genecards	4.15	MEFV, Pyrin Innate Immunity Regulator
MBOAT1	2	mmu-miR-5114	wat	-0.41	-0.41	membrane bound O-acyltransferase domain containing 1 	GeneCards-SearchResults__acyl	genecards	13.86	Membrane Bound O-Acyltransferase Domain Containing 1
MBOAT1	2	mmu-miR-5114	wat	-0.41	-0.41	membrane bound O-acyltransferase domain containing 1 	GeneCards-SearchResults__lipid metabolism	genecards	3.49	Membrane Bound O-Acyltransferase Domain Containing 1
MBOAT1	2	mmu-miR-5114	wat	-0.41	-0.41	membrane bound O-acyltransferase domain containing 1 	GeneCards-SearchResults__lipoprotein	genecards	0.77	Membrane Bound O-Acyltransferase Domain Containing 1
MBOAT1	2	mmu-miR-5114	wat	-0.41	-0.41	membrane bound O-acyltransferase domain containing 1 	GeneCards-SearchResults__lysophosphatidylethanolamine	genecards	1.64	Membrane Bound O-Acyltransferase Domain Containing 1
MBOAT1	2	mmu-miR-5114	wat	-0.41	-0.41	membrane bound O-acyltransferase domain containing 1 	GeneCards-SearchResults__triacylglycerol	genecards	1.15	Membrane Bound O-Acyltransferase Domain Containing 1
MAX	2	mmu-miR-5114	wat	-0.47	-0.47	MYC associated factor X 	GeneCards-SearchResults__ceramide	genecards	0.81	MYC Associated Factor X
MAX	2	mmu-miR-5114	wat	-0.47	-0.47	MYC associated factor X 	GeneCards-SearchResults__cholesterol metabolism	genecards	1.26	MYC Associated Factor X
MAX	2	mmu-miR-5114	wat	-0.47	-0.47	MYC associated factor X 	GeneCards-SearchResults__sterol	genecards	0.87	MYC Associated Factor X
MAGI2	2	mmu-miR-376b-5p	liver	-0.52	-0.59	membrane associated guanylate kinase, WW and PDZ domain containing 2 	GeneCards-SearchResults__atherosclerosis	genecards	0.67	Membrane Associated Guanylate Kinase, WW And PDZ Domain Containing 2
KSR2	2	mmu-miR-5114	wat	-0.65	-0.65	kinase suppressor of ras 2 	GeneCards-SearchResults__diacylglycerol	genecards	63.65	Kinase Suppressor Of Ras 2
KSR2	2	mmu-miR-5114	wat	-0.65	-0.65	kinase suppressor of ras 2 	GeneCards-SearchResults__glycerol	genecards	38.24	Kinase Suppressor Of Ras 2
KSR2	2	mmu-miR-5114	wat	-0.65	-0.65	kinase suppressor of ras 2 	Kessler EMBO PMID=27189168	manual annotation	no GeneCards score	no Genecards description
IL1A	2	mmu-miR-543-3p	liver	-0.42	-0.42	interleukin 1, alpha 	GeneCards-SearchResults__atherosclerosis	genecards	1.64	Interleukin 1 Alpha
IL1A	2	mmu-miR-543-3p	liver	-0.42	-0.42	interleukin 1, alpha 	GeneCards-SearchResults__ceramide	genecards	1.63	Interleukin 1 Alpha
IL1A	2	mmu-miR-543-3p	liver	-0.42	-0.42	interleukin 1, alpha 	GeneCards-SearchResults__lipoprotein	genecards	1.37	Interleukin 1 Alpha
IL1A	2	mmu-miR-543-3p	liver	-0.42	-0.42	interleukin 1, alpha 	GeneCards-SearchResults__triglycerides	genecards	3.39	Interleukin 1 Alpha
IL18R1	2	mmu-miR-434-3p	liver	-0.47	-0.47	interleukin 18 receptor 1 	GeneCards-SearchResults__atherosclerosis	genecards	0.67	Interleukin 18 Receptor 1
IL18R1	2	mmu-miR-434-3p	liver	-0.47	-0.47	interleukin 18 receptor 1 	GeneCards-SearchResults__ceramide	genecards	2.37	Interleukin 18 Receptor 1
IL18R1	2	mmu-miR-434-3p	liver	-0.47	-0.47	interleukin 18 receptor 1 	GeneCards-SearchResults__ethanolamine	genecards	0.86	Interleukin 18 Receptor 1
IL18R1	2	mmu-miR-434-3p	liver	-0.47	-0.47	interleukin 18 receptor 1 	GeneCards-SearchResults__sphingolipid	genecards	0.91	Interleukin 18 Receptor 1
HINT1	2	mmu-miR-376b-5p	liver	0	-0.46	histidine triad nucleotide binding protein 1 	GeneCards-SearchResults__acyl	genecards	0.82	Histidine Triad Nucleotide Binding Protein 1
FGF1	2	mmu-miR-677-5p	liver, ileum	-0.14	-0.47	fibroblast growth factor 1 (acidic) 	GeneCards-SearchResults__lipoprotein	genecards	0.97	Fibroblast Growth Factor 1
EXO1	2	mmu-miR-5114	wat	-0.39	-0.43	exonuclease 1 	GeneCards-SearchResults__atherosclerosis	genecards	5.04	Exonuclease 1
DAP	2	mmu-miR-434-3p	liver	-0.46	-0.46	death-associated protein 	GeneCards-SearchResults__atherosclerosis	genecards	0.67	Death Associated Protein
CSNK2A1	2	mmu-miR-5114	wat	-0.68	-0.79	casein kinase 2, alpha 1 polypeptide 	GeneCards-SearchResults__glycerol	genecards	1.01	Casein Kinase 2 Alpha 1
CSNK2A1	2	mmu-miR-5114	wat	-0.68	-0.79	casein kinase 2, alpha 1 polypeptide 	GeneCards-SearchResults__lipoprotein	genecards	0.77	Casein Kinase 2 Alpha 1
CD86	2	mmu-miR-300-3p	liver	-0.48	-0.48	CD86 molecule 	GeneCards-SearchResults__atherosclerosis	genecards	0.67	CD86 Molecule
B3GALT6	2	mmu-miR-300-3p	liver	-0.03	-0.41	UDP-Gal:betaGal beta 1,3-galactosyltransferase polypeptide 6 	GeneCards-SearchResults__galactosyl	genecards	6.53	Beta-1,3-Galactosyltransferase 6
ANKH	2	mmu-miR-431-5p	liver	-0.41	-0.69	ANKH inorganic pyrophosphate transport regulator 	GeneCards-SearchResults__atherosclerosis	genecards	4.11	ANKH Inorganic Pyrophosphate Transport Regulator
ANGPTL1	2	mmu-miR-677-5p	liver, ileum	-0.41	-0.41	angiopoietin-like 1 	GeneCards-SearchResults__atherosclerotic plaque	genecards	1.55	Angiopoietin Like 1
AMMECR1	2	mmu-miR-677-5p	liver, ileum	-0.43	-0.43	Alport syndrome, mental retardation, midface hypoplasia and elliptocytosis chromosomal region gene 1 	GeneCards-SearchResults__acyl	genecards	0.82	Alport Syndrome, Mental Retardation, Midface Hypoplasia And Elliptocytosis Chromosomal Region Gene 1
ALPL	2	mmu-miR-5114	wat	-0.42	-0.42	alkaline phosphatase, liver/bone/kidney 	GeneCards-SearchResults__atherosclerosis	genecards	4.11	Alkaline Phosphatase, Liver/Bone/Kidney
ZDHHC7	1	mmu-miR-677-5p	liver, ileum	-0.44	-0.44	zinc finger, DHHC-type containing 7 	GeneCards-SearchResults__acyl	genecards	0.98	Zinc Finger DHHC-Type Containing 7
UBE2D1	1	mmu-miR-431-5p	liver	-0.6	-0.62	ubiquitin-conjugating enzyme E2D 1 	GeneCards-SearchResults__individually_typed_lipoproteins	genecards	0.1	Ubiquitin Conjugating Enzyme E2 D1
UBE2D1	1	mmu-miR-431-5p	liver	-0.6	-0.62	ubiquitin-conjugating enzyme E2D 1 	GeneCards-SearchResults__lipoprotein	genecards	0.68	Ubiquitin Conjugating Enzyme E2 D1
UBE2D1	1	mmu-miR-431-5p	liver	-0.6	-0.62	ubiquitin-conjugating enzyme E2D 1 	GeneCards-SearchResults__sterol	genecards	0.87	Ubiquitin Conjugating Enzyme E2 D1
TPP1	1	mmu-miR-677-5p	liver, ileum	-0.43	-0.47	tripeptidyl peptidase I 	GeneCards-SearchResults__lipid metabolism	genecards	1.42	Tripeptidyl Peptidase 1
TPP1	1	mmu-miR-677-5p	liver, ileum	-0.43	-0.47	tripeptidyl peptidase I 	GeneCards-SearchResults__lipoprotein	genecards	2.25	Tripeptidyl Peptidase 1
TDO2	1	mmu-miR-300-3p	liver	-0.45	-0.45	tryptophan 2,3-dioxygenase 	GeneCards-SearchResults__ethanolamine	genecards	0.86	Tryptophan 2,3-Dioxygenase
TBL2	1	mmu-miR-300-3p	liver	-0.47	-0.47	transducin (beta)-like 2 	GeneCards-SearchResults__atherosclerosis	genecards	1.09	Transducin Beta Like 2
TBL2	1	mmu-miR-300-3p	liver	-0.47	-0.47	transducin (beta)-like 2 	GeneCards-SearchResults__atherosclerotic plaque	genecards	2.18	Transducin Beta Like 2
TBL2	1	mmu-miR-300-3p	liver	-0.47	-0.47	transducin (beta)-like 2 	GeneCards-SearchResults__free cholesterol	genecards	2.34	Transducin Beta Like 2
TBL2	1	mmu-miR-300-3p	liver	-0.47	-0.47	transducin (beta)-like 2 	GeneCards-SearchResults__individually_typed_lipoproteins	genecards	0.16	Transducin Beta Like 2
TBL2	1	mmu-miR-300-3p	liver	-0.47	-0.47	transducin (beta)-like 2 	GeneCards-SearchResults__lipid metabolism	genecards	11.81	Transducin Beta Like 2
TBL2	1	mmu-miR-300-3p	liver	-0.47	-0.47	transducin (beta)-like 2 	GeneCards-SearchResults__lipoprotein	genecards	0.97	Transducin Beta Like 2
TBL2	1	mmu-miR-300-3p	liver	-0.47	-0.47	transducin (beta)-like 2 	GeneCards-SearchResults__triglycerides	genecards	1.23	Transducin Beta Like 2
STMN1	1	mmu-miR-376b-5p	liver	-0.56	-0.56	stathmin 1 	GeneCards-SearchResults__individually_typed_lipoproteins	genecards	0.1	Stathmin 1
STMN1	1	mmu-miR-376b-5p	liver	-0.56	-0.56	stathmin 1 	GeneCards-SearchResults__lipoprotein	genecards	0.68	Stathmin 1
ST6GALNAC4	1	mmu-miR-434-5p	liver	-0.54	-0.54	ST6 (alpha-N-acetyl-neuraminyl-2,3-beta-galactosyl-1,3)-N-acetylgalactosaminide alpha-2,6-sialyltransferase 4 	GeneCards-SearchResults__galactosyl	genecards	19.46	ST6 N-Acetylgalactosaminide Alpha-2,6-Sialyltransferase 4
ST6GALNAC4	1	mmu-miR-434-5p	liver	-0.54	-0.54	ST6 (alpha-N-acetyl-neuraminyl-2,3-beta-galactosyl-1,3)-N-acetylgalactosaminide alpha-2,6-sialyltransferase 4 	GeneCards-SearchResults__glycolipids	genecards	6.75	ST6 N-Acetylgalactosaminide Alpha-2,6-Sialyltransferase 4
ST6GALNAC4	1	mmu-miR-434-5p	liver	-0.54	-0.54	ST6 (alpha-N-acetyl-neuraminyl-2,3-beta-galactosyl-1,3)-N-acetylgalactosaminide alpha-2,6-sialyltransferase 4 	GeneCards-SearchResults__sphingolipid	genecards	1.83	ST6 N-Acetylgalactosaminide Alpha-2,6-Sialyltransferase 4
SNCA	1	mmu-miR-5114	wat	-0.01	-0.46	synuclein, alpha (non A4 component of amyloid precursor) 	GeneCards-SearchResults__acyl	genecards	1.92	Synuclein Alpha
SNCA	1	mmu-miR-5114	wat	-0.01	-0.46	synuclein, alpha (non A4 component of amyloid precursor) 	GeneCards-SearchResults__ethanolamine	genecards	0.86	Synuclein Alpha
SNCA	1	mmu-miR-5114	wat	-0.01	-0.46	synuclein, alpha (non A4 component of amyloid precursor) 	GeneCards-SearchResults__fatty acid metabolism	genecards	2.35	Synuclein Alpha
SNCA	1	mmu-miR-5114	wat	-0.01	-0.46	synuclein, alpha (non A4 component of amyloid precursor) 	GeneCards-SearchResults__individually_typed_lipoproteins	genecards	0.98	Synuclein Alpha
SNCA	1	mmu-miR-5114	wat	-0.01	-0.46	synuclein, alpha (non A4 component of amyloid precursor) 	GeneCards-SearchResults__lipid metabolism	genecards	1.42	Synuclein Alpha
SNCA	1	mmu-miR-5114	wat	-0.01	-0.46	synuclein, alpha (non A4 component of amyloid precursor) 	GeneCards-SearchResults__lipoprotein	genecards	4	Synuclein Alpha
SNCA	1	mmu-miR-5114	wat	-0.01	-0.46	synuclein, alpha (non A4 component of amyloid precursor) 	GeneCards-SearchResults__sphingolipid	genecards	1.29	Synuclein Alpha
SKAP2	1	mmu-miR-434-3p	liver	-0.4	-0.41	src kinase associated phosphoprotein 2 	GeneCards-SearchResults__lipid metabolism	genecards	4.15	Src Kinase Associated Phosphoprotein 2
SKAP2	1	mmu-miR-434-3p	liver	-0.4	-0.41	src kinase associated phosphoprotein 2 	GeneCards-SearchResults__sphingolipid	genecards	1.58	Src Kinase Associated Phosphoprotein 2
SIK3	1	mmu-miR-5114	wat	-0.14	-0.98	SIK family kinase 3 	GeneCards-SearchResults__free cholesterol	genecards	2.34	SIK Family Kinase 3
SIK3	1	mmu-miR-5114	wat	-0.14	-0.98	SIK family kinase 3 	GeneCards-SearchResults__triglycerides	genecards	1.23	SIK Family Kinase 3
SH2D1A	1	mmu-miR-300-3p	liver	-0.5	-0.5	SH2 domain containing 1A 	GeneCards-SearchResults__diacylglycerol	genecards	1.29	SH2 Domain Containing 1A
SH2D1A	1	mmu-miR-300-3p	liver	-0.5	-0.5	SH2 domain containing 1A 	GeneCards-SearchResults__lipid metabolism	genecards	3.5	SH2 Domain Containing 1A
SH2D1A	1	mmu-miR-300-3p	liver	-0.5	-0.5	SH2 domain containing 1A 	GeneCards-SearchResults__triglycerides	genecards	3.52	SH2 Domain Containing 1A
SELPLG	1	mmu-miR-5114	wat	-0.53	-0.55	selectin P ligand 	GeneCards-SearchResults__atherosclerosis	genecards	1.64	Selectin P Ligand
SELPLG	1	mmu-miR-5114	wat	-0.53	-0.55	selectin P ligand 	GeneCards-SearchResults__galactosyl	genecards	2.11	Selectin P Ligand
SDHAF1	1	mmu-miR-300-3p	liver	-0.02	-0.46	succinate dehydrogenase complex assembly factor 1 	GeneCards-SearchResults__lipid metabolism	genecards	1.76	Succinate Dehydrogenase Complex Assembly Factor 1
PPIA	1	mmu-miR-677-5p	liver, ileum	-0.13	-0.48	peptidylprolyl isomerase A (cyclophilin A) 	GeneCards-SearchResults__atherosclerosis	genecards	0.67	Peptidylprolyl Isomerase A
PPIA	1	mmu-miR-677-5p	liver, ileum	-0.13	-0.48	peptidylprolyl isomerase A (cyclophilin A) 	GeneCards-SearchResults__sphingolipid	genecards	1.83	Peptidylprolyl Isomerase A
PNPLA8	1	mmu-miR-677-5p	liver, ileum	-0.22	-0.42	patatin-like phospholipase domain containing 8 	GeneCards-SearchResults__acyl	genecards	4.22	Patatin Like Phospholipase Domain Containing 8
PNPLA8	1	mmu-miR-677-5p	liver, ileum	-0.22	-0.42	patatin-like phospholipase domain containing 8 	GeneCards-SearchResults__fatty acid metabolism	genecards	2.35	Patatin Like Phospholipase Domain Containing 8
PNPLA8	1	mmu-miR-677-5p	liver, ileum	-0.22	-0.42	patatin-like phospholipase domain containing 8 	GeneCards-SearchResults__glycerol	genecards	1.77	Patatin Like Phospholipase Domain Containing 8
PNPLA8	1	mmu-miR-677-5p	liver, ileum	-0.22	-0.42	patatin-like phospholipase domain containing 8 	GeneCards-SearchResults__lipid metabolism	genecards	1.42	Patatin Like Phospholipase Domain Containing 8
PNPLA8	1	mmu-miR-677-5p	liver, ileum	-0.22	-0.42	patatin-like phospholipase domain containing 8 	GeneCards-SearchResults__lipoprotein	genecards	0.77	Patatin Like Phospholipase Domain Containing 8
PNPLA8	1	mmu-miR-677-5p	liver, ileum	-0.22	-0.42	patatin-like phospholipase domain containing 8 	GeneCards-SearchResults__lysophosphatidylcholine	genecards	3.89	Patatin Like Phospholipase Domain Containing 8
PNPLA8	1	mmu-miR-677-5p	liver, ileum	-0.22	-0.42	patatin-like phospholipase domain containing 8 	GeneCards-SearchResults__triglycerides	genecards	0.87	Patatin Like Phospholipase Domain Containing 8
PLA2G2D	1	mmu-miR-434-3p	liver	-0.48	-0.48	phospholipase A2, group IID 	GeneCards-SearchResults__acyl	genecards	9.2	Phospholipase A2 Group IID
PLA2G2D	1	mmu-miR-434-3p	liver	-0.48	-0.48	phospholipase A2, group IID 	GeneCards-SearchResults__atherosclerosis	genecards	1.16	Phospholipase A2 Group IID
PLA2G2D	1	mmu-miR-434-3p	liver	-0.48	-0.48	phospholipase A2, group IID 	GeneCards-SearchResults__bile acid	genecards	1.33	Phospholipase A2 Group IID
PLA2G2D	1	mmu-miR-434-3p	liver	-0.48	-0.48	phospholipase A2, group IID 	GeneCards-SearchResults__glycerol	genecards	1.9	Phospholipase A2 Group IID
PLA2G2D	1	mmu-miR-434-3p	liver	-0.48	-0.48	phospholipase A2, group IID 	GeneCards-SearchResults__individually_typed_lipoproteins	genecards	0.1	Phospholipase A2 Group IID
PLA2G2D	1	mmu-miR-434-3p	liver	-0.48	-0.48	phospholipase A2, group IID 	GeneCards-SearchResults__lipid metabolism	genecards	2.74	Phospholipase A2 Group IID
PLA2G2D	1	mmu-miR-434-3p	liver	-0.48	-0.48	phospholipase A2, group IID 	GeneCards-SearchResults__lipoprotein	genecards	2.3	Phospholipase A2 Group IID
PLA2G2D	1	mmu-miR-434-3p	liver	-0.48	-0.48	phospholipase A2, group IID 	GeneCards-SearchResults__lysophosphatidylcholine	genecards	15.25	Phospholipase A2 Group IID
PLA2G2D	1	mmu-miR-434-3p	liver	-0.48	-0.48	phospholipase A2, group IID 	GeneCards-SearchResults__phosphatidic acid	genecards	2.07	Phospholipase A2 Group IID
PITPNA	1	mmu-miR-431-5p	liver	-0.45	-0.45	phosphatidylinositol transfer protein, alpha 	GeneCards-SearchResults__acyl	genecards	0.82	Phosphatidylinositol Transfer Protein Alpha
PITPNA	1	mmu-miR-431-5p	liver	-0.45	-0.45	phosphatidylinositol transfer protein, alpha 	GeneCards-SearchResults__chylomicron	genecards	12.83	Phosphatidylinositol Transfer Protein Alpha
PITPNA	1	mmu-miR-431-5p	liver	-0.45	-0.45	phosphatidylinositol transfer protein, alpha 	GeneCards-SearchResults__lipid metabolism	genecards	5.58	Phosphatidylinositol Transfer Protein Alpha
PITPNA	1	mmu-miR-431-5p	liver	-0.45	-0.45	phosphatidylinositol transfer protein, alpha 	GeneCards-SearchResults__phosphatidic acid	genecards	1.55	Phosphatidylinositol Transfer Protein Alpha
PITPNA	1	mmu-miR-431-5p	liver	-0.45	-0.45	phosphatidylinositol transfer protein, alpha 	GeneCards-SearchResults__sterol	genecards	0.87	Phosphatidylinositol Transfer Protein Alpha
OSTM1	1	mmu-miR-434-5p	liver	-0.57	-0.57	osteopetrosis associated transmembrane protein 1 	GeneCards-SearchResults__remnants	genecards	1.87	Osteopetrosis Associated Transmembrane Protein 1
OSGEP	1	mmu-miR-677-5p	liver, ileum	-0.04	-0.52	O-sialoglycoprotein endopeptidase 	GeneCards-SearchResults__acyl	genecards	3.72	O-Sialoglycoprotein Endopeptidase
OPN3	1	mmu-miR-431-5p	liver	-0.5	-0.5	opsin 3 	GeneCards-SearchResults__atherosclerosis	genecards	0.67	Opsin 3
NFYC	1	mmu-miR-5114	wat	-0.37	-0.59	nuclear transcription factor Y, gamma 	GeneCards-SearchResults__cholesterol biosynthesis	genecards	3.67	Nuclear Transcription Factor Y Subunit Gamma
NFYC	1	mmu-miR-5114	wat	-0.37	-0.59	nuclear transcription factor Y, gamma 	GeneCards-SearchResults__lipid metabolism	genecards	2.77	Nuclear Transcription Factor Y Subunit Gamma
NFYC	1	mmu-miR-5114	wat	-0.37	-0.59	nuclear transcription factor Y, gamma 	GeneCards-SearchResults__lipoprotein	genecards	0.77	Nuclear Transcription Factor Y Subunit Gamma
NFYC	1	mmu-miR-5114	wat	-0.37	-0.59	nuclear transcription factor Y, gamma 	GeneCards-SearchResults__triacylglycerol	genecards	0.91	Nuclear Transcription Factor Y Subunit Gamma
NCL	1	mmu-miR-431-5p	liver	0	-0.41	nucleolin 	GeneCards-SearchResults__individually_typed_lipoproteins	genecards	0.1	Nucleolin
NCL	1	mmu-miR-431-5p	liver	0	-0.41	nucleolin 	GeneCards-SearchResults__lipoprotein	genecards	0.68	Nucleolin
NCL	1	mmu-miR-431-5p	liver	0	-0.41	nucleolin 	GeneCards-SearchResults__remnants	genecards	1.03	Nucleolin
MNDA	1	mmu-miR-376b-5p	liver	-0.6	-0.6	myeloid cell nuclear differentiation antigen 	GeneCards-SearchResults__atherosclerosis	genecards	0.67	Myeloid Cell Nuclear Differentiation Antigen
MED19	1	mmu-miR-5114	wat	-0.48	-0.48	mediator complex subunit 19 	GeneCards-SearchResults__lipid metabolism	genecards	2.77	Mediator Complex Subunit 19
MED19	1	mmu-miR-5114	wat	-0.48	-0.48	mediator complex subunit 19 	GeneCards-SearchResults__lipoprotein	genecards	0.77	Mediator Complex Subunit 19
MED19	1	mmu-miR-5114	wat	-0.48	-0.48	mediator complex subunit 19 	GeneCards-SearchResults__triacylglycerol	genecards	0.91	Mediator Complex Subunit 19
LIPT2	1	mmu-miR-677-5p	liver, ileum	-0.23	-0.57	lipoyl(octanoyl) transferase 2 (putative) 	GeneCards-SearchResults__acyl	genecards	6.79	Lipoyl(Octanoyl) Transferase 2 (Putative)
LDLRAD3	1	mmu-miR-5114	wat	-0.65	-0.65	low density lipoprotein receptor class A domain containing 3 	GeneCards-SearchResults__individually_typed_lipoproteins	genecards	0.15	Low Density Lipoprotein Receptor Class A Domain Containing 3
LDLRAD3	1	mmu-miR-5114	wat	-0.65	-0.65	low density lipoprotein receptor class A domain containing 3 	GeneCards-SearchResults__lipoprotein	genecards	13.68	Low Density Lipoprotein Receptor Class A Domain Containing 3
LDB2	1	mmu-miR-300-3p	liver	-0.42	-0.42	LIM domain binding 2 	GeneCards-SearchResults__atherosclerosis	genecards	0.95	LIM Domain Binding 2
LALBA	1	mmu-miR-5114	wat	-0.43	-0.43	lactalbumin, alpha- 	GeneCards-SearchResults__acyl	genecards	1.16	Lactalbumin Alpha
LALBA	1	mmu-miR-5114	wat	-0.43	-0.43	lactalbumin, alpha- 	GeneCards-SearchResults__ethanolamine	genecards	0.86	Lactalbumin Alpha
LALBA	1	mmu-miR-5114	wat	-0.43	-0.43	lactalbumin, alpha- 	GeneCards-SearchResults__galactosyl	genecards	3.16	Lactalbumin Alpha
LALBA	1	mmu-miR-5114	wat	-0.43	-0.43	lactalbumin, alpha- 	GeneCards-SearchResults__lactosyl	genecards	2.26	Lactalbumin Alpha
KERA	1	mmu-miR-300-3p	liver	-0.48	-0.48	keratocan 	GeneCards-SearchResults__atherosclerosis	genecards	0.67	Keratocan
KERA	1	mmu-miR-300-3p	liver	-0.48	-0.48	keratocan 	GeneCards-SearchResults__bile acid synthesis	genecards	26.17	Keratocan
KERA	1	mmu-miR-300-3p	liver	-0.48	-0.48	keratocan 	GeneCards-SearchResults__bile acid	genecards	16.21	Keratocan
KDELC2	1	mmu-miR-376b-5p	liver	-0.43	-0.47	KDEL (Lys-Asp-Glu-Leu) containing 2 	GeneCards-SearchResults__glycolipids	genecards	1.38	KDEL Motif Containing 2
ITGAL	1	mmu-miR-677-5p	liver, ileum	-0.44	-0.44	integrin, alpha L (antigen CD11A (p180), lymphocyte function-associated antigen 1; alpha polypeptide) 	GeneCards-SearchResults__atherosclerosis	genecards	1.16	Integrin Subunit Alpha L
ITGAL	1	mmu-miR-677-5p	liver, ileum	-0.44	-0.44	integrin, alpha L (antigen CD11A (p180), lymphocyte function-associated antigen 1; alpha polypeptide) 	GeneCards-SearchResults__diacylglycerol	genecards	0.91	Integrin Subunit Alpha L
ITGAL	1	mmu-miR-677-5p	liver, ileum	-0.44	-0.44	integrin, alpha L (antigen CD11A (p180), lymphocyte function-associated antigen 1; alpha polypeptide) 	GeneCards-SearchResults__ethanolamine	genecards	0.86	Integrin Subunit Alpha L
ITGAL	1	mmu-miR-677-5p	liver, ileum	-0.44	-0.44	integrin, alpha L (antigen CD11A (p180), lymphocyte function-associated antigen 1; alpha polypeptide) 	GeneCards-SearchResults__individually_typed_lipoproteins	genecards	0.5	Integrin Subunit Alpha L
ITGAL	1	mmu-miR-677-5p	liver, ileum	-0.44	-0.44	integrin, alpha L (antigen CD11A (p180), lymphocyte function-associated antigen 1; alpha polypeptide) 	GeneCards-SearchResults__lipoprotein	genecards	0.97	Integrin Subunit Alpha L
ITGAL	1	mmu-miR-677-5p	liver, ileum	-0.44	-0.44	integrin, alpha L (antigen CD11A (p180), lymphocyte function-associated antigen 1; alpha polypeptide) 	GeneCards-SearchResults__phosphatidyl inositol	genecards	1.86	Integrin Subunit Alpha L
ITGA4	1	mmu-miR-677-5p	liver, ileum	-0.37	-0.49	integrin, alpha 4 (antigen CD49D, alpha 4 subunit of VLA-4 receptor) 	GeneCards-SearchResults__atherosclerosis	genecards	1.16	Integrin Subunit Alpha 4
ITGA4	1	mmu-miR-677-5p	liver, ileum	-0.37	-0.49	integrin, alpha 4 (antigen CD49D, alpha 4 subunit of VLA-4 receptor) 	GeneCards-SearchResults__individually_typed_lipoproteins	genecards	0.1	Integrin Subunit Alpha 4
HS6ST3	1	mmu-miR-677-5p	liver, ileum	-0.75	-0.76	heparan sulfate 6-O-sulfotransferase 3 	GeneCards-SearchResults__triglycerides	genecards	0.87	Heparan Sulfate 6-O-Sulfotransferase 3
HIST1H4B	1	mmu-miR-677-5p	liver, ileum	-0.2	-0.62	histone cluster 1, H4b 	GeneCards-SearchResults__ceramide	genecards	0.81	Histone Cluster 1 H4 Family Member B
HGD	1	mmu-miR-300-3p	liver	-0.51	-0.51	homogentisate 1,2-dioxygenase 	GeneCards-SearchResults__atherosclerosis	genecards	6.91	Homogentisate 1,2-Dioxygenase
HGD	1	mmu-miR-300-3p	liver	-0.51	-0.51	homogentisate 1,2-dioxygenase 	GeneCards-SearchResults__atherosclerotic plaque	genecards	2.18	Homogentisate 1,2-Dioxygenase
HGD	1	mmu-miR-300-3p	liver	-0.51	-0.51	homogentisate 1,2-dioxygenase 	GeneCards-SearchResults__lipoprotein	genecards	3.04	Homogentisate 1,2-Dioxygenase
HGD	1	mmu-miR-300-3p	liver	-0.51	-0.51	homogentisate 1,2-dioxygenase 	GeneCards-SearchResults__triglycerides	genecards	3.39	Homogentisate 1,2-Dioxygenase
GTF2E2	1	mmu-miR-434-5p	liver	-0.53	-0.53	general transcription factor IIE, polypeptide 2, beta 34kDa 	GeneCards-SearchResults__atherosclerosis	genecards	0.67	General Transcription Factor IIE Subunit 2
GP1BB	1	mmu-miR-677-5p	liver, ileum	-0.44	-0.45	glycoprotein Ib (platelet), beta polypeptide 	GeneCards-SearchResults__acyl	genecards	0.82	Glycoprotein Ib Platelet Beta Subunit
GOLGA7	1	mmu-miR-5114	wat	-0.47	-0.47	golgin A7 	GeneCards-SearchResults__acyl	genecards	0.82	Golgin A7
GNPNAT1	1	mmu-miR-300-3p	liver	-0.33	-0.43	glucosamine-phosphate N-acetyltransferase 1 	GeneCards-SearchResults__acyl	genecards	1.8	Glucosamine-Phosphate N-Acetyltransferase 1
GLRX	1	mmu-miR-5114	wat	-0.37	-0.43	glutaredoxin (thioltransferase) 	GeneCards-SearchResults__atherosclerosis	genecards	0.67	Glutaredoxin
GLRX	1	mmu-miR-5114	wat	-0.37	-0.43	glutaredoxin (thioltransferase) 	GeneCards-SearchResults__lipoprotein	genecards	0.68	Glutaredoxin
GCLC	1	mmu-miR-677-5p	liver, ileum	-0.56	-0.57	glutamate-cysteine ligase, catalytic subunit 	GeneCards-SearchResults__atherosclerosis	genecards	0.67	Glutamate-Cysteine Ligase Catalytic Subunit
GCLC	1	mmu-miR-677-5p	liver, ileum	-0.56	-0.57	glutamate-cysteine ligase, catalytic subunit 	GeneCards-SearchResults__bile acid	genecards	1.33	Glutamate-Cysteine Ligase Catalytic Subunit
GCLC	1	mmu-miR-677-5p	liver, ileum	-0.56	-0.57	glutamate-cysteine ligase, catalytic subunit 	GeneCards-SearchResults__ethanolamine	genecards	0.86	Glutamate-Cysteine Ligase Catalytic Subunit
GCLC	1	mmu-miR-677-5p	liver, ileum	-0.56	-0.57	glutamate-cysteine ligase, catalytic subunit 	GeneCards-SearchResults__triglycerides	genecards	1.23	Glutamate-Cysteine Ligase Catalytic Subunit
FTH1	1	mmu-miR-677-5p	liver, ileum	-0.42	-0.48	ferritin, heavy polypeptide 1 	GeneCards-SearchResults__individually_typed_lipoproteins	genecards	0.1	Ferritin Heavy Chain 1
FTH1	1	mmu-miR-677-5p	liver, ileum	-0.42	-0.48	ferritin, heavy polypeptide 1 	GeneCards-SearchResults__lipoprotein	genecards	0.97	Ferritin Heavy Chain 1
FMO3	1	mmu-miR-677-5p	liver, ileum	-0.29	-0.59	flavin containing monooxygenase 3 	GeneCards-SearchResults__atherosclerosis	genecards	0.95	Flavin Containing Monooxygenase 3
FMO3	1	mmu-miR-677-5p	liver, ileum	-0.29	-0.59	flavin containing monooxygenase 3 	GeneCards-SearchResults__cholesterol metabolism	genecards	1.26	Flavin Containing Monooxygenase 3
FMO3	1	mmu-miR-677-5p	liver, ileum	-0.29	-0.59	flavin containing monooxygenase 3 	GeneCards-SearchResults__lipoprotein	genecards	3.04	Flavin Containing Monooxygenase 3
FMO3	1	mmu-miR-677-5p	liver, ileum	-0.29	-0.59	flavin containing monooxygenase 3 	GeneCards-SearchResults__triglycerides	genecards	3.39	Flavin Containing Monooxygenase 3
FAR2	1	mmu-miR-677-5p	liver, ileum	-0.32	-0.45	fatty acyl CoA reductase 2 	GeneCards-SearchResults__acyl	genecards	15.28	Fatty Acyl-CoA Reductase 2
FAR2	1	mmu-miR-677-5p	liver, ileum	-0.32	-0.45	fatty acyl CoA reductase 2 	GeneCards-SearchResults__lipid metabolism	genecards	1.42	Fatty Acyl-CoA Reductase 2
FAR2	1	mmu-miR-677-5p	liver, ileum	-0.32	-0.45	fatty acyl CoA reductase 2 	GeneCards-SearchResults__lipoprotein	genecards	0.77	Fatty Acyl-CoA Reductase 2
DLST	1	mmu-miR-5114	wat	-0.46	-0.46	dihydrolipoamide S-succinyltransferase (E2 component of 2-oxo-glutarate complex) 	GeneCards-SearchResults__acyl	genecards	0.98	Dihydrolipoamide S-Succinyltransferase
CYP3A4	1	mmu-miR-376b-5p	liver	-0.54	-0.54	cytochrome P450, family 3, subfamily A, polypeptide 4 	GeneCards-SearchResults__atherosclerosis	genecards	2.91	Cytochrome P450 Family 3 Subfamily A Member 4
CYP3A4	1	mmu-miR-376b-5p	liver	-0.54	-0.54	cytochrome P450, family 3, subfamily A, polypeptide 4 	GeneCards-SearchResults__bile acid	genecards	6.31	Cytochrome P450 Family 3 Subfamily A Member 4
CYP3A4	1	mmu-miR-376b-5p	liver	-0.54	-0.54	cytochrome P450, family 3, subfamily A, polypeptide 4 	GeneCards-SearchResults__bile secretion	genecards	3.7	Cytochrome P450 Family 3 Subfamily A Member 4
CYP3A4	1	mmu-miR-376b-5p	liver	-0.54	-0.54	cytochrome P450, family 3, subfamily A, polypeptide 4 	GeneCards-SearchResults__ceramide	genecards	0.81	Cytochrome P450 Family 3 Subfamily A Member 4
CYP3A4	1	mmu-miR-376b-5p	liver	-0.54	-0.54	cytochrome P450, family 3, subfamily A, polypeptide 4 	GeneCards-SearchResults__cholesterol synthesis	genecards	1.27	Cytochrome P450 Family 3 Subfamily A Member 4
CYP3A4	1	mmu-miR-376b-5p	liver	-0.54	-0.54	cytochrome P450, family 3, subfamily A, polypeptide 4 	GeneCards-SearchResults__ethanolamine	genecards	0.86	Cytochrome P450 Family 3 Subfamily A Member 4
CYP3A4	1	mmu-miR-376b-5p	liver	-0.54	-0.54	cytochrome P450, family 3, subfamily A, polypeptide 4 	GeneCards-SearchResults__glycerol	genecards	0.88	Cytochrome P450 Family 3 Subfamily A Member 4
CYP3A4	1	mmu-miR-376b-5p	liver	-0.54	-0.54	cytochrome P450, family 3, subfamily A, polypeptide 4 	GeneCards-SearchResults__individually_typed_lipoproteins	genecards	0.1	Cytochrome P450 Family 3 Subfamily A Member 4
CYP3A4	1	mmu-miR-376b-5p	liver	-0.54	-0.54	cytochrome P450, family 3, subfamily A, polypeptide 4 	GeneCards-SearchResults__intestinal absorption	genecards	1.54	Cytochrome P450 Family 3 Subfamily A Member 4
CYP3A4	1	mmu-miR-376b-5p	liver	-0.54	-0.54	cytochrome P450, family 3, subfamily A, polypeptide 4 	GeneCards-SearchResults__lipid metabolism	genecards	5.73	Cytochrome P450 Family 3 Subfamily A Member 4
CYP3A4	1	mmu-miR-376b-5p	liver	-0.54	-0.54	cytochrome P450, family 3, subfamily A, polypeptide 4 	GeneCards-SearchResults__lipoprotein	genecards	1.53	Cytochrome P450 Family 3 Subfamily A Member 4
CYP3A4	1	mmu-miR-376b-5p	liver	-0.54	-0.54	cytochrome P450, family 3, subfamily A, polypeptide 4 	GeneCards-SearchResults__steroid synthesis	genecards	2.15	Cytochrome P450 Family 3 Subfamily A Member 4
CYP3A4	1	mmu-miR-376b-5p	liver	-0.54	-0.54	cytochrome P450, family 3, subfamily A, polypeptide 4 	GeneCards-SearchResults__sterol	genecards	1.78	Cytochrome P450 Family 3 Subfamily A Member 4
CXCL12	1	mmu-miR-300-3p	liver	-0.43	-0.43	chemokine (C-X-C motif) ligand 12 	GeneCards-SearchResults__acyl	genecards	0.82	C-X-C Motif Chemokine Ligand 12
CXCL12	1	mmu-miR-300-3p	liver	-0.43	-0.43	chemokine (C-X-C motif) ligand 12 	GeneCards-SearchResults__atherosclerosis	genecards	1.34	C-X-C Motif Chemokine Ligand 12
CXCL12	1	mmu-miR-300-3p	liver	-0.43	-0.43	chemokine (C-X-C motif) ligand 12 	GeneCards-SearchResults__atherosclerotic plaque	genecards	2.19	C-X-C Motif Chemokine Ligand 12
CXCL12	1	mmu-miR-300-3p	liver	-0.43	-0.43	chemokine (C-X-C motif) ligand 12 	GeneCards-SearchResults__diacylglycerol	genecards	0.91	C-X-C Motif Chemokine Ligand 12
CXCL12	1	mmu-miR-300-3p	liver	-0.43	-0.43	chemokine (C-X-C motif) ligand 12 	GeneCards-SearchResults__free cholesterol	genecards	2.34	C-X-C Motif Chemokine Ligand 12
CXCL12	1	mmu-miR-300-3p	liver	-0.43	-0.43	chemokine (C-X-C motif) ligand 12 	GeneCards-SearchResults__individually_typed_lipoproteins	genecards	0.3	C-X-C Motif Chemokine Ligand 12
CXCL12	1	mmu-miR-300-3p	liver	-0.43	-0.43	chemokine (C-X-C motif) ligand 12 	GeneCards-SearchResults__sterol	genecards	0.87	C-X-C Motif Chemokine Ligand 12
CXCL12	1	mmu-miR-300-3p	liver	-0.43	-0.43	chemokine (C-X-C motif) ligand 12 	CAD gold rush 2016	manual annotation	no GeneCards score	no Genecards description
CXCL12	1	mmu-miR-300-3p	liver	-0.43	-0.43	chemokine (C-X-C motif) ligand 12 	cad_gold_rush_genes_schunkert	manual annotation	no GeneCards score	no Genecards description
CXCL12	1	mmu-miR-300-3p	liver	-0.43	-0.43	chemokine (C-X-C motif) ligand 12 	inflammation	manual annotation	no GeneCards score	no Genecards description
CTSL	1	mmu-miR-677-5p	liver, ileum	-0.44	-0.44	cathepsin L 	GeneCards-SearchResults__acyl	genecards	1.42	Cathepsin L
CTSL	1	mmu-miR-677-5p	liver, ileum	-0.44	-0.44	cathepsin L 	GeneCards-SearchResults__atherosclerosis	genecards	1.34	Cathepsin L
CTSL	1	mmu-miR-677-5p	liver, ileum	-0.44	-0.44	cathepsin L 	GeneCards-SearchResults__individually_typed_lipoproteins	genecards	0.1	Cathepsin L
COQ2	1	mmu-miR-300-3p	liver	-0.51	-0.51	coenzyme Q2 4-hydroxybenzoate polyprenyltransferase 	GeneCards-SearchResults__glycerol	genecards	1.3	Coenzyme Q2, Polyprenyltransferase
COQ2	1	mmu-miR-300-3p	liver	-0.51	-0.51	coenzyme Q2 4-hydroxybenzoate polyprenyltransferase 	GeneCards-SearchResults__lipoprotein	genecards	0.77	Coenzyme Q2, Polyprenyltransferase
CLEC4E	1	mmu-miR-434-3p	liver	-0.43	-0.43	C-type lectin domain family 4, member E 	GeneCards-SearchResults__glycerol	genecards	1.01	C-Type Lectin Domain Family 4 Member E
CLEC4E	1	mmu-miR-434-3p	liver	-0.43	-0.43	C-type lectin domain family 4, member E 	GeneCards-SearchResults__glycolipids	genecards	3.56	C-Type Lectin Domain Family 4 Member E
CD5	1	mmu-miR-5114	wat	-0.45	-0.45	CD5 molecule 	GeneCards-SearchResults__individually_typed_lipoproteins	genecards	0.19	CD5 Molecule
CASP10	1	mmu-miR-434-3p	liver	-1.01	-1.01	caspase 10, apoptosis-related cysteine peptidase 	GeneCards-SearchResults__bile acid	genecards	1.33	Caspase 10
CASP10	1	mmu-miR-434-3p	liver	-1.01	-1.01	caspase 10, apoptosis-related cysteine peptidase 	GeneCards-SearchResults__ceramide	genecards	2.19	Caspase 10
CASP10	1	mmu-miR-434-3p	liver	-1.01	-1.01	caspase 10, apoptosis-related cysteine peptidase 	GeneCards-SearchResults__sphingolipid	genecards	0.9	Caspase 10
BGLAP	1	mmu-miR-5114	wat	-0.61	-0.61	bone gamma-carboxyglutamate (gla) protein 	GeneCards-SearchResults__atherosclerosis	genecards	1.89	Bone Gamma-Carboxyglutamate Protein
BGLAP	1	mmu-miR-5114	wat	-0.61	-0.61	bone gamma-carboxyglutamate (gla) protein 	GeneCards-SearchResults__atherosclerotic plaque	genecards	2.19	Bone Gamma-Carboxyglutamate Protein
BGLAP	1	mmu-miR-5114	wat	-0.61	-0.61	bone gamma-carboxyglutamate (gla) protein 	GeneCards-SearchResults__galactosyl	genecards	1.49	Bone Gamma-Carboxyglutamate Protein
BGLAP	1	mmu-miR-5114	wat	-0.61	-0.61	bone gamma-carboxyglutamate (gla) protein 	GeneCards-SearchResults__lipid metabolism	genecards	1.54	Bone Gamma-Carboxyglutamate Protein
BGLAP	1	mmu-miR-5114	wat	-0.61	-0.61	bone gamma-carboxyglutamate (gla) protein 	GeneCards-SearchResults__lipoprotein	genecards	0.68	Bone Gamma-Carboxyglutamate Protein
BGLAP	1	mmu-miR-5114	wat	-0.61	-0.61	bone gamma-carboxyglutamate (gla) protein 	GeneCards-SearchResults__triglycerides	genecards	1.23	Bone Gamma-Carboxyglutamate Protein
BCL6	1	mmu-miR-434-5p	liver	-0.09	-0.42	B-cell CLL/lymphoma 6 	GeneCards-SearchResults__lipoprotein	genecards	0.68	B-Cell CLL/Lymphoma 6
BCL6	1	mmu-miR-434-5p	liver	-0.09	-0.42	B-cell CLL/lymphoma 6 	GeneCards-SearchResults__remnants	genecards	4.28	B-Cell CLL/Lymphoma 6
ATPIF1	1	mmu-miR-434-5p	liver	-0.6	-0.6	ATPase inhibitory factor 1 	GeneCards-SearchResults__individually_typed_lipoproteins	genecards	0.11	ATPase Inhibitory Factor 1
ATP6V0E1	1	mmu-miR-434-5p	liver	-0.01	-0.45	ATPase, H+ transporting, lysosomal 9kDa, V0 subunit e1 	GeneCards-SearchResults__ethanolamine	genecards	1.3	ATPase H+ Transporting V0 Subunit E1
ANKRD31	1	mmu-miR-5114	wat	-0.52	-0.52	ankyrin repeat domain 31 	GeneCards-SearchResults__individually_typed_lipoproteins	genecards	0.1	Ankyrin Repeat Domain 31
ANK2	1	mmu-miR-5114	wat	-0.69	-0.7	ankyrin 2, neuronal 	GeneCards-SearchResults__atherosclerosis	genecards	1.09	Ankyrin 2
ANK2	1	mmu-miR-5114	wat	-0.69	-0.7	ankyrin 2, neuronal 	GeneCards-SearchResults__atherosclerotic plaque	genecards	2.18	Ankyrin 2
ALG8	1	mmu-miR-431-5p	liver	-0.5	-0.5	ALG8, alpha-1,3-glucosyltransferase 	GeneCards-SearchResults__glycolipids	genecards	1.52	ALG8, Alpha-1,3-Glucosyltransferase
AGXT2	1	mmu-miR-677-5p	liver, ileum	-0.02	-0.46	alanine--glyoxylate aminotransferase 2 	GeneCards-SearchResults__atherosclerosis	genecards	2.71	Alanine--Glyoxylate Aminotransferase 2
AGGF1	1	mmu-miR-434-5p	liver	-0.61	-0.62	angiogenic factor with G patch and FHA domains 1 	GeneCards-SearchResults__atherosclerosis	genecards	1.12	Angiogenic Factor With G-Patch And FHA Domains 1
AGGF1	1	mmu-miR-434-5p	liver	-0.61	-0.62	angiogenic factor with G patch and FHA domains 1 	GeneCards-SearchResults__sphingolipid	genecards	0.91	Angiogenic Factor With G-Patch And FHA Domains 1
